Username,Password,Role
counselor_1,Counselor2024!,counselor
counselor_2,Counselor2024!,counselor
counselor_3,Counselor2024!,counselor
counselor_4,Counselor2024!,counselor
counselor_5,Counselor2024!,counselor
counselor_6,Counselor2024!,counselor
counselor_7,Counselor2024!,counselor
psychometrician_1,Psychometrician2024!,psychometrician
23-84734,Student123@,student
23-84735,Student123@,student
23-84736,Student123@,student
23-84737,Student123@,student
23-84738,Student123@,student
23-84739,Student123@,student
23-84740,Student123@,student
23-84741,Student123@,student
23-84742,Student123@,student
23-84743,Student123@,student
23-84744,Student123@,student
23-84745,Student123@,student
23-84746,Student123@,student
23-84747,Student123@,student
23-84748,Student123@,student
23-84749,Student123@,student
23-84750,Student123@,student
23-84751,Student123@,student
23-84752,Student123@,student
23-84753,Student123@,student
23-84754,Student123@,student
23-84755,Student123@,student
23-84756,Student123@,student
23-84757,Student123@,student
23-84758,Student123@,student
23-84759,Student123@,student
23-84760,Student123@,student
23-84761,Student123@,student
23-84762,Student123@,student
23-84763,Student123@,student
23-84764,Student123@,student
23-84765,Student123@,student
23-84766,Student123@,student
23-84767,Student123@,student
23-84768,Student123@,student
23-84769,Student123@,student
23-84770,Student123@,student
23-84771,Student123@,student
23-84772,Student123@,student
23-84773,Student123@,student
23-84774,Student123@,student
23-84775,Student123@,student
23-84776,Student123@,student
23-84777,Student123@,student
23-84778,Student123@,student
23-84779,Student123@,student
23-84780,Student123@,student
23-84781,Student123@,student
23-84782,Student123@,student
23-84783,Student123@,student
23-84784,Student123@,student
23-84785,Student123@,student
23-84786,Student123@,student
23-84787,Student123@,student
23-84788,Student123@,student
23-84789,Student123@,student
23-84790,Student123@,student
23-84791,Student123@,student
23-84792,Student123@,student
23-84793,Student123@,student
23-84794,Student123@,student
23-84795,Student123@,student
23-84796,Student123@,student
23-84797,Student123@,student
23-84798,Student123@,student
23-84799,Student123@,student
23-84800,Student123@,student
23-84801,Student123@,student
23-84802,Student123@,student
23-84803,Student123@,student
23-84804,Student123@,student
23-84805,Student123@,student
23-84806,Student123@,student
23-84807,Student123@,student
23-84808,Student123@,student
23-84809,Student123@,student
23-84810,Student123@,student
23-84811,Student123@,student
23-84812,Student123@,student
23-84813,Student123@,student
23-84814,Student123@,student
23-84815,Student123@,student
23-84816,Student123@,student
23-84817,Student123@,student
23-84818,Student123@,student
23-84819,Student123@,student
23-84820,Student123@,student
23-84821,Student123@,student
23-84822,Student123@,student
23-84823,Student123@,student
23-84824,Student123@,student
23-84825,Student123@,student
23-84826,Student123@,student
23-84827,Student123@,student
23-84828,Student123@,student
23-84829,Student123@,student
23-84830,Student123@,student
23-84831,Student123@,student
23-84832,Student123@,student
23-84833,Student123@,student
23-84834,Student123@,student
23-84835,Student123@,student
23-84836,Student123@,student
23-84837,Student123@,student
23-84838,Student123@,student
23-84839,Student123@,student
23-84840,Student123@,student
23-84841,Student123@,student
23-84842,Student123@,student
23-84843,Student123@,student
23-84844,Student123@,student
23-84845,Student123@,student
23-84846,Student123@,student
23-84847,Student123@,student
23-84848,Student123@,student
23-84849,Student123@,student
23-84850,Student123@,student
23-84851,Student123@,student
23-84852,Student123@,student
23-84853,Student123@,student
23-84854,Student123@,student
23-84855,Student123@,student
23-84856,Student123@,student
23-84857,Student123@,student
23-84858,Student123@,student
23-84859,Student123@,student
23-84860,Student123@,student
23-84861,Student123@,student
23-84862,Student123@,student
23-84863,Student123@,student
23-84864,Student123@,student
23-84865,Student123@,student
23-84866,Student123@,student
23-84867,Student123@,student
23-84868,Student123@,student
23-84869,Student123@,student
23-84870,Student123@,student
23-84871,Student123@,student
23-84872,Student123@,student
23-84873,Student123@,student
23-84874,Student123@,student
23-84875,Student123@,student
23-84876,Student123@,student
23-84877,Student123@,student
23-84878,Student123@,student
23-84879,Student123@,student
23-84880,Student123@,student
23-84881,Student123@,student
23-84882,Student123@,student
23-84883,Student123@,student
23-84884,Student123@,student
23-84885,Student123@,student
23-84886,Student123@,student
23-84887,Student123@,student
23-84888,Student123@,student
23-84889,Student123@,student
23-84890,Student123@,student
23-84891,Student123@,student
23-84892,Student123@,student
23-84893,Student123@,student
23-84894,Student123@,student
23-84895,Student123@,student
23-84896,Student123@,student
23-84897,Student123@,student
23-84898,Student123@,student
23-84899,Student123@,student
23-84900,Student123@,student
23-84901,Student123@,student
23-84902,Student123@,student
23-84903,Student123@,student
23-84904,Student123@,student
23-84905,Student123@,student
23-84906,Student123@,student
23-84907,Student123@,student
23-84908,Student123@,student
23-84909,Student123@,student
23-84910,Student123@,student
23-84911,Student123@,student
23-84912,Student123@,student
23-84913,Student123@,student
23-84914,Student123@,student
23-84915,Student123@,student
23-84916,Student123@,student
23-84917,Student123@,student
23-84918,Student123@,student
23-84919,Student123@,student
23-84920,Student123@,student
23-84921,Student123@,student
23-84922,Student123@,student
23-84923,Student123@,student
23-84924,Student123@,student
23-84925,Student123@,student
23-84926,Student123@,student
23-84927,Student123@,student
23-84928,Student123@,student
23-84929,Student123@,student
23-84930,Student123@,student
23-84931,Student123@,student
23-84932,Student123@,student
23-84933,Student123@,student
23-84934,Student123@,student
23-84935,Student123@,student
23-84936,Student123@,student
23-84937,Student123@,student
23-84938,Student123@,student
23-84939,Student123@,student
23-84940,Student123@,student
23-84941,Student123@,student
23-84942,Student123@,student
23-84943,Student123@,student
23-84944,Student123@,student
23-84945,Student123@,student
23-84946,Student123@,student
23-84947,Student123@,student
23-84948,Student123@,student
23-84949,Student123@,student
23-84950,Student123@,student
23-84951,Student123@,student
23-84952,Student123@,student
23-84953,Student123@,student
23-84954,Student123@,student
23-84955,Student123@,student
23-84956,Student123@,student
23-84957,Student123@,student
23-84958,Student123@,student
23-84959,Student123@,student
23-84960,Student123@,student
23-84961,Student123@,student
23-84962,Student123@,student
23-84963,Student123@,student
23-84964,Student123@,student
23-84965,Student123@,student
23-84966,Student123@,student
23-84967,Student123@,student
23-84968,Student123@,student
23-84969,Student123@,student
23-84970,Student123@,student
23-84971,Student123@,student
23-84972,Student123@,student
23-84973,Student123@,student
23-84974,Student123@,student
23-84975,Student123@,student
23-84976,Student123@,student
23-84977,Student123@,student
23-84978,Student123@,student
23-84979,Student123@,student
23-84980,Student123@,student
23-84981,Student123@,student
23-84982,Student123@,student
24-96436,Student123@,student
24-96437,Student123@,student
24-96438,Student123@,student
24-96439,Student123@,student
24-96440,Student123@,student
24-96441,Student123@,student
24-96442,Student123@,student
24-96443,Student123@,student
24-96444,Student123@,student
24-96445,Student123@,student
24-96446,Student123@,student
24-96447,Student123@,student
24-96448,Student123@,student
24-96449,Student123@,student
24-96450,Student123@,student
24-96451,Student123@,student
24-96452,Student123@,student
24-96453,Student123@,student
24-96454,Student123@,student
24-96455,Student123@,student
24-96456,Student123@,student
24-96457,Student123@,student
24-96458,Student123@,student
24-96459,Student123@,student
24-96460,Student123@,student
24-96461,Student123@,student
24-96462,Student123@,student
24-96463,Student123@,student
24-96464,Student123@,student
24-96465,Student123@,student
24-96466,Student123@,student
24-96467,Student123@,student
24-96468,Student123@,student
24-96469,Student123@,student
24-96470,Student123@,student
24-96471,Student123@,student
24-96472,Student123@,student
24-96473,Student123@,student
24-96474,Student123@,student
24-96475,Student123@,student
24-96476,Student123@,student
24-96477,Student123@,student
24-96478,Student123@,student
24-96479,Student123@,student
24-96480,Student123@,student
24-96481,Student123@,student
24-96482,Student123@,student
24-96483,Student123@,student
24-96484,Student123@,student
24-96485,Student123@,student
